SECTION,METRIC,VAL_1,VAL_2,VAL_3
FILE_SIZE,1 MB,1.08,1.088,2.883
FILE_SIZE,5 MB,5.496,5.422,15.484
FILE_SIZE,10 MB,10.813,10.85,30.442
FILE_SIZE,25 MB,27.007,27.09,85.775
FILE_SIZE,50 MB,54.262,54.076,87.536
VERSIONS,1 vers,0.014,,
VERSIONS,10 vers,0.069,,
VERSIONS,50 vers,0.377,,
VERSIONS,100 vers,0.645,,
VERSIONS,250 vers,1.672,,
UPDATE_COST,Dynamic 64KB,12.49,Full Rebuild,24.64
DETECTION,1% (c=10),9.77% theo,8.8% emp,
DETECTION,1% (c=20),19.05% theo,18.4% emp,
DETECTION,1% (c=40),36.08% theo,38.8% emp,
DETECTION,1% (c=60),51.11% theo,56.0% emp,
DETECTION,1% (c=90),69.87% theo,73.4% emp,
DETECTION,5% (c=10),40.85% theo,38.0% emp,
DETECTION,5% (c=20),66.02% theo,65.6% emp,
DETECTION,5% (c=40),89.87% theo,89.6% emp,
DETECTION,5% (c=60),97.44% theo,96.6% emp,
DETECTION,5% (c=90),99.79% theo,99.8% emp,
